{
  "cv": {
    "accuracy": 0.9397321428571429,
    "precision": 1.0,
    "recall": 0.7317880794701986,
    "f1": 0.8451242829827915,
    "confusion_matrix": [
      [
        1042,
        0
      ],
      [
        81,
        221
      ]
    ],
    "roc_auc": 0.9999904666268384,
    "brier_score": 0.041466064481976074
  },
  "test": {
    "accuracy": 0.9523809523809523,
    "precision": 1.0,
    "recall": 0.7894736842105263,
    "f1": 0.8823529411764706,
    "confusion_matrix": [
      [
        260,
        0
      ],
      [
        16,
        60
      ]
    ],
    "roc_auc": 1.0,
    "brier_score": 0.03497006749530174,
    "roc_curve": {
      "fpr": [
        0.0,
        0.0,
        0.0,
        0.0,
        0.0,
        0.0,
        0.0,
        0.17692307692307693,
        0.18461538461538463,
        0.3038461538461538,
        0.31153846153846154,
        0.38076923076923075,
        0.38846153846153847,
        0.5076923076923077,
        0.5153846153846153,
        0.573076923076923,
        0.5807692307692308,
        0.6846153846153846,
        0.6923076923076923,
        0.7,
        0.7153846153846154,
        0.7230769230769231,
        0.7307692307692307,
        0.75,
        0.7576923076923077,
        0.7653846153846153,
        0.7884615384615384,
        0.7961538461538461,
        0.8153846153846154,
        0.8384615384615385,
        0.8538461538461538,
        0.8653846153846154,
        0.8923076923076924,
        0.8961538461538462,
        0.9038461538461539,
        0.926923076923077,
        0.9384615384615385,
        0.9692307692307692,
        0.9769230769230769,
        1.0
      ],
      "tpr": [
        0.0,
        0.013157894736842105,
        0.13157894736842105,
        0.15789473684210525,
        0.3157894736842105,
        0.34210526315789475,
        1.0,
        1.0,
        1.0,
        1.0,
        1.0,
        1.0,
        1.0,
        1.0,
        1.0,
        1.0,
        1.0,
        1.0,
        1.0,
        1.0,
        1.0,
        1.0,
        1.0,
        1.0,
        1.0,
        1.0,
        1.0,
        1.0,
        1.0,
        1.0,
        1.0,
        1.0,
        1.0,
        1.0,
        1.0,
        1.0,
        1.0,
        1.0,
        1.0,
        1.0
      ],
      "thresholds": [
        Infinity,
        0.933852604173095,
        0.8687282932290352,
        0.8656402031028152,
        0.8214321898600595,
        0.8080718712802663,
        0.3884743987108413,
        0.13096926423492353,
        0.1308389524480711,
        0.11748685372309813,
        0.11728883407991901,
        0.11078166013036157,
        0.1103588607086601,
        0.09639089197538073,
        0.0962896834708937,
        0.08769758828164256,
        0.08574559183748952,
        0.0035929479044893003,
        0.0035373674233688127,
        0.003380752273572661,
        0.003259177248520257,
        0.0031650984305603277,
        0.003142215378396515,
        0.0031285623919222716,
        0.0029640856069059946,
        0.002964085606905994,
        0.0029041201403012767,
        0.002895301798149601,
        0.002691919501406556,
        0.0026610553038756914,
        0.0026263423625234993,
        0.0024838836931670378,
        0.0023186367079797167,
        0.002186733957224199,
        0.0020707868069679437,
        0.0015617339572241993,
        0.0010775575745688728,
        0.0008923723893836877,
        0.0008615081918528233,
        0.0006986801495404306
      ]
    }
  }
}