{
  "accuracy": 0.9880952380952381,
  "precision": 1.0,
  "recall": 0.9473684210526315,
  "f1": 0.972972972972973,
  "confusion_matrix": [
    [
      260,
      0
    ],
    [
      4,
      72
    ]
  ],
  "classification_report": {
    "0": {
      "precision": 0.9848484848484849,
      "recall": 1.0,
      "f1-score": 0.9923664122137404,
      "support": 260.0
    },
    "1": {
      "precision": 1.0,
      "recall": 0.9473684210526315,
      "f1-score": 0.972972972972973,
      "support": 76.0
    },
    "accuracy": 0.9880952380952381,
    "macro avg": {
      "precision": 0.9924242424242424,
      "recall": 0.9736842105263157,
      "f1-score": 0.9826696925933567,
      "support": 336.0
    },
    "weighted avg": {
      "precision": 0.9882756132756133,
      "recall": 0.9880952380952381,
      "f1-score": 0.9879798009569001,
      "support": 336.0
    }
  },
  "roc_auc": 1.0,
  "brier_score": 0.025471757951849933
}